{
  "MPNN": {
    "rmse": 0.6934487212267635,
    "mae": 0.6091811707864205,
    "r2": 0.8727277118101101
  },
  "GCN": {
    "rmse": 1.068591141610759,
    "mae": 0.8584422003477812,
    "r2": 0.6977764599637067
  },
  "FingerprintMLP": {
    "rmse": 1.1103569827261646,
    "mae": 0.9157331217080354,
    "r2": 0.6736899835672465
  }
}